;Amount of acts;Amount of directions;Author;Lemmas;Lemmas per direction;Published;Title;Words;Words per direction;Written;Directions per act;Words per act;Lemmas per act;A;ADV;INTJ;S;V;Words
blok-balaganchik.txt;1;38;Блок, Александр Александрович;912;22.26315789473684;1906;Балаганчик;2240;22.73684210526316;1906;38.0;2240.0;912.0;2.6842105263157894;1.2105263157894737;0.0;0;0.34210526315789475;10.157894736842104
blok-korol-na-ploschadi.txt;3;133;Блок, Александр Александрович;1475;14.63157894736842;1907;Король на площади;5535;12.466165413533835;1906;44.33333333333334;1845.0;491.66666666666674;1.0902255639097744;0.9774436090225563;0.0;0;0.21804511278195488;5.398496240601504
blok-neznakomka.txt;1;80;Блок, Александр Александрович;1342;18.025;1907;Незнакомка;4222;16.4625;1906;80.0;4222.0;1342.0;1.9;1.05;0.0;0;0.35;7.4125
bulgakov-dni-turbinyh.txt;4;372;Булгаков, Михаил Афанасьевич;2900;5.634408602150537;1955;Дни Турбиных;16426;3.739247311827957;1926;93.0;4106.5;725.0;0.31451612903225806;0.13440860215053763;0.005376344086021506;0;0.09946236559139784;1.2956989247311828
chekhov-chaika.txt;4;474;Чехов, Антон Павлович;2607;5.4683544303797476;1896;Чайка;13726;3.774261603375528;1895;118.5;3431.5;651.75;0.13924050632911392;0.24050632911392406;0.0;0;0.08649789029535865;1.3185654008438819
chekhov-djadja-vanja.txt;4;412;Чехов, Антон Павлович;2369;5.368932038834951;1897;Дядя Ваня;12620;3.5898058252427183;1896;103.0;3155.0;592.25;0.1407766990291262;0.19174757281553398;0.0;0;0.08009708737864078;1.2135922330097086
chekhov-ivanov.txt;4;549;Чехов, Антон Павлович;2978;4.927140255009109;1889;Иванов;17248;3.29872495446266;1888;137.25;4312.0;744.5;0.18761384335154827;0.1621129326047359;0.0;0;0.04553734061930783;1.1785063752276868
chekhov-jubilej.txt;1;144;Чехов, Антон Павлович;1077;4.986111111111111;1892;Юбилей;3556;3.263888888888889;1891;144.0;3556.0;1077.0;0.0763888888888889;0.1875;0.0;0;0.06944444444444445;1.1180555555555556
chekhov-leshii.txt;4;498;Чехов, Антон Павлович;2854;4.817269076305222;1890;Леший;17002;3.102409638554217;1889;124.5;4250.5;713.5;0.12650602409638553;0.10843373493975904;0.012048192771084338;0;0.060240963855421686;1.0803212851405624
chekhov-medved.txt;1;102;Чехов, Антон Павлович;1099;4.401960784313727;1888;Медведь;3665;2.7450980392156863;1888;102.0;3665.0;1099.0;0.0784313725490196;0.11764705882352941;0.0;0;0.0784313725490196;0.9411764705882353
chekhov-na-bolshoi-doroge.txt;1;213;Чехов, Антон Павлович;1536;5.225352112676057;1914;На большой дороге;5385;3.60093896713615;1884;213.0;5385.0;1536.0;0.10328638497652583;0.11737089201877934;0.0;0;0.0892018779342723;1.192488262910798
chekhov-noch-pered-sudom.txt;1;52;Чехов, Антон Павлович;690;4.596153846153847;1886;Ночь перед судом;1717;2.9423076923076925;1884;52.0;1717.0;690.0;0.21153846153846154;0.09615384615384616;0.0;0;0.038461538461538464;1.1538461538461537
chekhov-predlozhenie.txt;1;73;Чехов, Антон Павлович;885;3.7808219178082187;1889;Предложение;3303;2.246575342465753;1888;73.0;3303.0;885.0;0.0273972602739726;0.0547945205479452;0.0;0;0.0410958904109589;0.6575342465753424
chekhov-svadba.txt;1;96;Чехов, Антон Павлович;1039;4.520833333333333;1890;Свадьба;3413;2.8854166666666665;1889;96.0;3413.0;1039.0;0.15625;0.08333333333333333;0.03125;0;0.07291666666666667;0.875
chekhov-tatjana-repina.txt;1;125;Чехов, Антон Павлович;1157;4.376;1889;Татьяна Репина;3681;3.016;1889;125.0;3681.0;1157.0;0.152;0.112;0.0;0;0.064;0.96
chekhov-tragik-ponevole.txt;1;16;Чехов, Антон Павлович;802;6.25;1889;Трагик поневоле (Из дачной жизни);1655;4.75;1889;16.0;1655.0;802.0;0.375;0.1875;0.0;0;0.125;1.75
chekhov-tri-sestry.txt;4;653;Чехов, Антон Павлович;2553;5.211332312404288;1901;Три сестры;16403;3.4931087289433385;1900;163.25;4100.75;638.25;0.11638591117917305;0.21745788667687596;0.019908116385911178;0;0.08269525267993874;1.2358346094946402
chekhov-vishnevyi-sad.txt;4;575;Чехов, Антон Павлович;2397;6.088695652173913;1904;Вишневый сад;13099;4.325217391304348;1903;143.75;3274.75;599.25;0.14782608695652175;0.33217391304347826;0.01391304347826087;0;0.08521739130434783;1.5356521739130435
fonvizin-brigadir.txt;5;165;Фонвизин, Денис Иванович;2172;5.4;1786;Бригадир;13012;3.5878787878787883;1769;33.0;2602.4;434.4;0.01818181818181818;0.07878787878787878;0.0;0;0.09090909090909091;1.4
fonvizin-nedorosl.txt;5;339;Фонвизин, Денис Иванович;2881;4.952802359882006;1783;Недоросль;15949;3.0973451327433628;1781;67.8;3189.8;576.2;0.05014749262536873;0.10914454277286136;0.0;0;0.07964601769911504;1.0943952802359882
gogol-lakeiskaja.txt;1;35;Гоголь, Николай Васильевич;611;8.428571428571429;1842;Лакейская;1648;6.6571428571428575;1840;35.0;1648.0;611.0;0.4;0.22857142857142856;0.0;0;0.02857142857142857;2.4571428571428573
gogol-otryvok.txt;1;34;Гоголь, Николай Васильевич;979;4.088235294117647;1842;Отрывок;3605;2.3823529411764706;1842;34.0;3605.0;979.0;0.058823529411764705;0.14705882352941177;0.0;0;0.08823529411764706;0.8529411764705882
gogol-revizor.txt;5;433;Гоголь, Николай Васильевич;3229;6.468822170900693;1836;Ревизор;21096;4.609699769053118;1835;86.6;4219.2;645.8;0.12933025404157045;0.22401847575057737;0.004618937644341801;0;0.09930715935334873;1.7944572748267897
gogol-teatralnyi-razezd.txt;1;119;Гоголь, Николай Васильевич;1932;5.873949579831933;1842;Театральный разъезд после представления новой комедии;9926;4.159663865546219;1842;119.0;9926.0;1932.0;0.27586206896551724;0.16379310344827586;0.0;0;0.04310344827586207;1.8017241379310345
gogol-tjazhba.txt;1;21;Гоголь, Николай Васильевич;640;4.476190476190476;1842;Тяжба;1701;2.619047619047619;1836;21.0;1701.0;640.0;0.047619047619047616;0.19047619047619047;0.0;0;0.047619047619047616;0.8095238095238095
gogol-utro-delovogo-cheloveka.txt;1;27;Гоголь, Николай Васильевич;600;7.111111111111112;1836;Утро делового человека;1673;5.222222222222221;1836;27.0;1673.0;600.0;0.2222222222222222;0.25925925925925924;0.0;0;0.2222222222222222;2.037037037037037
gogol-zhenitba.txt;2;254;Гоголь, Николай Васильевич;2188;5.952755905511812;1842;Женитьба;13094;3.9251968503937014;1835;127.0;6547.0;1094.0;0.06299212598425197;0.2874015748031496;0.003937007874015748;0;0.09055118110236221;1.515748031496063
gorky-egor-bulychov-i-drugie.txt;3;199;Горький, Максим;2363;7.155778894472362;1932;Егор Булычов и другие;11092;5.155778894472363;1931;66.33333333333333;3697.333333333334;787.6666666666665;0.37185929648241206;0.2964824120603015;0.0;0;0.135678391959799;1.7939698492462313
gorky-na-dne.txt;4;525;Горький, Максим;2738;6.36952380952381;1903;На дне;16514;4.744761904761905;1902;131.25;4128.5;684.5;0.19047619047619047;0.41714285714285715;0.0038095238095238095;0;0.08571428571428572;1.779047619047619
griboyedov-gore-ot-uma.txt;4;209;Грибоедов, Александр Сергеевич;3443;5.8181818181818175;1825;Горе от ума;14558;3.9138755980861246;1824;52.25;3639.5;860.75;0.1339712918660287;0.2727272727272727;0.0;0;0.04784688995215311;1.5980861244019138
gumilyov-akteon.txt;1;55;Гумилёв, Николай Степанович;675;6.072727272727272;1913;Актеон;1484;4.054545454545455;1913;55.0;1484.0;675.0;0.10909090909090909;0.6363636363636364;0.0;0;0.05454545454545454;1.8363636363636364
gumilyov-ditja-allaha.txt;1;66;Гумилёв, Николай Степанович;1304;5.090909090909091;1917;Дитя Аллаха;3867;3.1060606060606064;1916;66.0;3867.0;1304.0;0.045454545454545456;0.015151515151515152;0.0;0;0.15151515151515152;0.6818181818181818
gumilyov-don-zhuan-v-egipte.txt;1;42;Гумилёв, Николай Степанович;654;4.738095238095238;1911;Дон-Жуан в Египте;1501;2.9047619047619047;1911;42.0;1501.0;654.0;0.09523809523809523;0.2857142857142857;0.0;0;0.09523809523809523;1.119047619047619
gumilyov-gondla.txt;4;62;Гумилёв, Николай Степанович;1715;6.354838709677418;1917;Гондла;5934;4.209677419354839;1916;15.5;1483.5;428.75;0.14516129032258066;0.20967741935483872;0.11290322580645161;0;0.0967741935483871;1.6451612903225807
krylov-podschipa-ili-trumf.txt;2;99;Крылов, Иван Андреевич;1651;4.333333333333333;1859;Подщипа или Трумф;4972;2.606060606060606;1800;49.5;2486.0;825.5;0.0;0.15151515151515152;0.0;0;0.04040404040404041;1.02020202020202
krylov-sonnyj-poroshok-ili-pohischennaja-krestjanka.txt;3;88;Крылов, Иван Андреевич;1550;6.5227272727272725;1905;Сонный порошок или похищенная крестьянка;7605;4.215909090909091;1798;29.33333333333333;2535.0;516.6666666666666;0.125;0.25;0.0;0;0.011363636363636364;1.5340909090909092
lermontov-maskarad.txt;4;372;Лермонтов, Михаил Юрьевич;2521;5.333333333333333;1842;Маскарад;14509;3.46505376344086;1836;93.0;3627.25;630.25;0.08064516129032258;0.1935483870967742;0.002688172043010753;0;0.06451612903225806;1.2634408602150538
lomonosov-demofont.txt;6;54;Ломоносов, Михаил Васильевич;1996;4.925925925925926;1752;Демофонт;10627;2.851851851851852;1751;9.0;1771.166666666667;332.6666666666667;0.0;0.037037037037037035;0.0;0;0.09259259259259259;1.0555555555555556
mayakovsky-banja.txt;6;119;Маяковский, Владимир Владимирович;2901;9.008403361344536;1929;Баня;10942;6.857142857142858;1929;19.83333333333333;1823.666666666667;483.5;0.5378151260504201;0.2773109243697479;0.0;0;0.15966386554621848;2.3445378151260505
ostrovsky-bednost-ne-porok.txt;3;371;Островский, Александр Николаевич;2187;5.946091644204852;1854;Бедность не порок;12766;4.1940700808625335;1853;123.66666666666669;4255.333333333333;729.0;0.06199460916442048;0.12129380053908356;0.0;0;0.08355795148247978;1.247978436657682
ostrovsky-bespridannitsa.txt;4;403;Островский, Александр Николаевич;2757;5.640198511166253;1879;Бесприданница;18232;3.799007444168735;1878;100.75;4558.0;689.25;0.1687344913151365;0.18362282878411912;0.0024813895781637717;0;0.062034739454094295;1.2555831265508686
ostrovsky-groza.txt;5;297;Островский, Александр Николаевич;2154;5.525252525252526;1860;Гроза;15349;3.6262626262626254;1859;59.4;3069.8;430.8;0.08080808080808081;0.15151515151515152;0.003367003367003367;0;0.06734006734006734;1.2895622895622896
ostrovsky-snegurochka.txt;5;229;Островский, Александр Николаевич;3380;8.864628820960696;1873;Снегурочка;14885;7.048034934497816;1873;45.8;2977.0;676.0;0.37554585152838427;0.2052401746724891;0.004366812227074236;0;0.12663755458515283;2.3187772925764194
ostrovsky-svoi-ljudi.txt;4;232;Островский, Александр Николаевич;2743;4.9784482758620685;1850;Свои люди – сочтемся;17985;3.2198275862068964;1849;58.0;4496.25;685.75;0.10775862068965517;0.09913793103448276;0.008620689655172414;0;0.034482758620689655;1.125
ostrovsky-volki-i-ovtsy.txt;5;426;Островский, Александр Николаевич;3075;5.518779342723005;1875;Волки и овцы;23381;3.81924882629108;1875;85.2;4676.2;615.0;0.2981220657276995;0.14084507042253522;0.0;0;0.09859154929577464;1.3286384976525822
prutkov-blondy.txt;1;87;Прутков, Козьма;786;7.241379310344827;1854;Блонды;1960;5.4942528735632195;1853;87.0;1960.0;786.0;0.3563218390804598;0.3448275862068966;0.0;0;0.14942528735632185;2.32183908045977
prutkov-chereposlov-sirech-frenolog.txt;1;161;Прутков, Козьма;1090;10.180124223602485;1860;Черепослов, сиречь Френолог;3079;8.763975155279503;1856;161.0;3079.0;1090.0;0.5341614906832298;0.5341614906832298;0.006211180124223602;0;0.15527950310559005;3.7639751552795033
pushkin-boris-godunov.txt;1;172;Пушкин, Александр Сергеевич;2889;5.186046511627907;1831;Борис Годунов;10973;3.1918604651162785;1825;172.0;10973.0;2889.0;0.14534883720930233;0.14534883720930233;0.0;0;0.05813953488372093;0.9127906976744186
pushkin-kamenniy-gost.txt;1;40;Пушкин, Александр Сергеевич;1020;4.375;1839;Каменный гость;3768;2.625;1830;40.0;3768.0;1020.0;0.0;0.125;0.0;0;0.05;0.45
pushkin-mocart-i-saleri.txt;1;17;Пушкин, Александр Сергеевич;627;4.823529411764706;1831;Моцарт и Сальери;1388;2.9411764705882355;1830;17.0;1388.0;627.0;0.23529411764705882;0.0;0.0;0;0.11764705882352941;0.9411764705882353
pushkin-pir-vo-vremja-chumy.txt;1;9;Пушкин, Александр Сергеевич;658;6.111111111111112;1832;Пир во время чумы;1235;3.888888888888889;1830;9.0;1235.0;658.0;0.4444444444444444;0.1111111111111111;0.0;0;0.1111111111111111;0.8888888888888888
pushkin-rusalka.txt;1;45;Пушкин, Александр Сергеевич;1074;5.222222222222221;1837;Русалка;3085;3.2888888888888888;1832;45.0;3085.0;1074.0;0.24444444444444444;0.08888888888888889;0.0;0;0.044444444444444446;1.0888888888888888
pushkin-skupoj-rytsar.txt;1;23;Пушкин, Александр Сергеевич;919;4.782608695652174;1836;Скупой рыцарь;2409;2.8260869565217392;1830;23.0;2409.0;919.0;0.0;0.043478260869565216;0.0;0;0.21739130434782608;0.782608695652174
pushkin-stseny-iz-rytsarskih-vremen.txt;1;38;Пушкин, Александр Сергеевич;997;4.973684210526316;1837;Сцены из рыцарских времен;3397;3.131578947368421;1835;38.0;3397.0;997.0;0.07894736842105263;0.0;0.0;0;0.05263157894736842;0.9473684210526315
sukhovo-kobylin-delo.txt;5;901;Сухово-Кобылин, Александр Васильевич;3711;5.568257491675916;1861;Дело;23578;3.736958934517203;1861;180.2;4715.6;742.2;0.07103218645948946;0.22086570477247502;0.0022197558268590455;0;0.1365149833518313;1.3296337402885683
sukhovo-kobylin-svadba-krechinskogo.txt;2;709;Сухово-Кобылин, Александр Васильевич;2872;5.631875881523273;1856;Свадьба Кречинского;18521;3.7390691114245422;1854;354.5;9260.5;1436.0;0.16502115655853314;0.2524682651622003;0.0;0;0.1071932299012694;1.465444287729196
sumarokov-dimitrij-samozvanets.txt;5;57;Сумароков, Александр Петрович;1913;5.824561403508773;1771;Димитрий Самозванец;7278;3.684210526315789;1770;11.4;1455.6;382.6;0.3157894736842105;0.03508771929824561;0.0;0;0.0;1.368421052631579
sumarokov-horev.txt;5;33;Сумароков, Александр Петрович;1912;5.545454545454546;1747;Хорев;8440;3.515151515151515;1747;6.6;1688.0;382.4;0.15151515151515152;0.30303030303030304;0.0;0;0.030303030303030304;1.7878787878787878
sumarokov-semira.txt;5;77;Сумароков, Александр Петрович;1909;5.467532467532466;1768;Семира;10363;3.493506493506493;1751;15.4;2072.6;381.8;0.012987012987012988;0.025974025974025976;0.0;0;0.3116883116883117;1.3766233766233766
tolstoy-smert-ioanna-groznogo.txt;5;333;Толстой, Алексей Константинович;3263;6.4144144144144155;1866;Смерть Иоанна Грозного;18767;4.4774774774774775;1866;66.6;3753.4;652.6;0.3663663663663664;0.13813813813813813;0.0;0;0.10810810810810811;1.7507507507507507
tolstoy-tsar-boris.txt;5;258;Толстой, Алексей Константинович;3506;6.616279069767443;1870;Царь Борис;20858;4.666666666666667;1870;51.6;4171.6;701.2;0.20930232558139536;0.11627906976744186;0.0;0;0.07364341085271318;1.565891472868217
tolstoy-tsar-fedor-ioannovich.txt;5;337;Толстой, Алексей Константинович;2790;6.976261127596438;1868;Царь Фёдор Иоаннович;18668;4.468842729970326;1868;67.4;3733.6;558.0;0.19881305637982197;0.1543026706231454;0.0;0;0.09198813056379822;1.6973293768545994
tolstoy-vlast-tmy.txt;8;604;Толстой, Лев Николаевич;2624;5.884105960264901;1887;Власть тьмы, или 'коготок увяз, всей птичке пропасть';19758;3.9172185430463577;1886;75.5;2469.75;328.0;0.05132450331125828;0.12086092715231789;0.0;0;0.0695364238410596;1.3327814569536425
turgenev-gde-tonko-tam-i-rvetsja.txt;1;273;Тургенев, Иван Сергеевич;2035;6.703296703296704;1848;Где тонко, там и рвётся;9709;4.853479853479853;1847;273.0;9709.0;2035.0;0.28205128205128205;0.4065934065934066;0.0;0;0.07326007326007326;2.0
turgenev-holostjak.txt;1;687;Тургенев, Иван Сергеевич;2788;6.39155749636099;1849;Холостяк;21501;4.506550218340611;1849;687.0;21501.0;2788.0;0.23726346433770015;0.3682678311499272;0.0;0;0.12372634643377002;1.7991266375545851
turgenev-nahlebnik.txt;2;562;Тургенев, Иван Сергеевич;2350;6.9661921708185055;1857;Нахлебник;15150;5.032028469750889;1848;281.0;7575.0;1175.0;0.23665480427046262;0.37544483985765126;0.0;0;0.12277580071174377;2.096085409252669
turgenev-neostorozhnost.txt;1;272;Тургенев, Иван Сергеевич;1803;5.680147058823528;1843;Неосторожность;10137;3.8014705882352944;1843;272.0;10137.0;1803.0;0.08823529411764706;0.36764705882352944;0.0;0;0.07352941176470588;1.4595588235294117
turgenev-provintsialka.txt;1;313;Тургенев, Иван Сергеевич;1629;6.258785942492013;1851;Провинциалка;10080;4.463258785942492;1850;313.0;10080.0;1629.0;0.10223642172523961;0.31629392971246006;0.0;0;0.10543130990415335;1.744408945686901
turgenev-vecher-v-sorrente.txt;1;144;Тургенев, Иван Сергеевич;1043;6.986111111111112;1888;Вечер в Сорренте;4066;5.145833333333333;1852;144.0;4066.0;1043.0;0.18055555555555555;0.2777777777777778;0.020833333333333332;0;0.125;2.0069444444444446
turgenev-zavtrak-u-predvoditelja.txt;1;106;Тургенев, Иван Сергеевич;1301;3.2547169811320757;1856;Завтрак у предводителя;7027;2.0;1849;106.0;7027.0;1301.0;0.011235955056179775;0.056179775280898875;0.0;0;0.07865168539325842;0.8426966292134831
